{"AHS": "Alta High School",
"Ahs": "Alta High School",
"Ahs UT": "Alta High School",
"Alta": "Alta High School",
"Alta Hawks 'A'": "Alta High School",
"Alta Hawks High School": "Alta High School",
"Alta High School": "Alta High School",
"Alta High School ": "Alta High School",
"Alta High School A": "Alta High School",
"Alta High School 'A'": "Alta High School",
"Alta High School Swim Team 'A'": "Alta High School",
"Alta High School-UT": "Alta High School",
"Alta High School-UT A": "Alta High School",
"Altamont High School": "Altamont High School",
"AF": "American Fork High School",
"Afhs": "American Fork High School",
"AFHS": "American Fork High School",
"Afhs-UT": "American Fork High School",
"Am. Fork": "American Fork High School",
"American Fork": "American Fork High School",
"American Fork Cavemen 'A'": "American Fork High School",
"American Fork High": "American Fork High School",
"American Fork High A": "American Fork High School",
"American Fork High Schoo": "American Fork High School",
"American Fork High Schoo A": "American Fork High School",
"American Fork High School": "American Fork High School",
"American Fork High School ": "American Fork High School",
"American Fork High School A": "American Fork High School",
"American Fork High School 'A'": "American Fork High School",
"American Fork High School-UT": "American Fork High School",
"American Fork High School-UT A": "American Fork High School",
"American Fork High School-UT 'A'": "American Fork High School",
"ALA": "American Leadership Academy",
"American Leadership": "American Leadership Academy",
"American Leadership Acad": "American Leadership Academy",
"American Leadership Academy": "American Leadership Academy",
"American Leadership Academy A": "American Leadership Academy",
"Bear River": "Bear River High School",
"Bear River Bears": "Bear River High School",
"Bear River High Sch A": "Bear River High School",
"Bear River High Scho": "Bear River High School",
"Bear River High Schoo": "Bear River High School",
"Bear River High School": "Bear River High School",
"Bear River High School ": "Bear River High School",
"Bear River High School A": "Bear River High School",
"Bear River High School 'A'": "Bear River High School",
"Bear River High School-VA": "Bear River High School",
"Bear River High School-VA A": "Bear River High School",
"BRHS": "Bear River High School",
"BRHS ": "Bear River High School",
"Beaver High School": "Beaver High School",
"Ben Lomond": "Ben Lomond High School",
"Ben Lomond 'A'": "Ben Lomond High School",
"Ben Lomond High": "Ben Lomond High School",
"Ben Lomond High A": "Ben Lomond High School",
"Ben Lomond High Sch A": "Ben Lomond High School",
"Ben Lomond High Scho": "Ben Lomond High School",
"Ben Lomond High Schoo": "Ben Lomond High School",
"Ben Lomond High School": "Ben Lomond High School",
"Ben Lomond High School ": "Ben Lomond High School",
"Ben Lomond High School A": "Ben Lomond High School",
"Ben Lomond High School 'A'": "Ben Lomond High School",
"Ben Lomond-VA": "Ben Lomond High School",
"Ben Lomond-VA A": "Ben Lomond High School",
"Blhs": "Ben Lomond High School",
"BLHS": "Ben Lomond High School",
"BLHS ": "Ben Lomond High School",
"Scots": "Ben Lomond High School",
"BHS": "Bingham High School",
"Bingham": "Bingham High School",
"Bingham High School": "Bingham High School",
"Bingham High School ": "Bingham High School",
"Bingham High School A": "Bingham High School",
"Bingham High School 'A'": "Bingham High School",
"Bingham High School-UT": "Bingham High School",
"Bingham High School-UT A": "Bingham High School",
"Bingham High School-UT 'A'": "Bingham High School",
"Bingham Miners": "Bingham High School",
"Bingham Miners A": "Bingham High School",
"Bingham Miners 'A'": "Bingham High School",
"Bingham-UT": "Bingham High School",
"Miners": "Bingham High School",
"BONN": "Bonneville High School",
"Bonneville": "Bonneville High School",
"Bonneville High Sch": "Bonneville High School",
"Bonneville High Sch A": "Bonneville High School",
"Bonneville High School": "Bonneville High School",
"Bonneville High School ": "Bonneville High School",
"Bonneville High School A": "Bonneville High School",
"Bonneville High School 'A'": "Bonneville High School",
"Bonneville High School-UT 'A'": "Bonneville High School",
"Bnftl": "Bountiful High School",
"BNTFL": "Bountiful High School",
"BNTFL-AK": "Bountiful High School",
"Bountiful": "Bountiful High School",
"Bountiful High Scho": "Bountiful High School",
"Bountiful High School": "Bountiful High School",
"Bountiful High School ": "Bountiful High School",
"Bountiful High School A": "Bountiful High School",
"Bountiful High School 'A'": "Bountiful High School",
"Bountiful High School-AK 'A'": "Bountiful High School",
"Bountiful High School-UT 'A'": "Bountiful High School",
"Bountiful-UT": "Bountiful High School",
"Braves": "Bountiful High School",
"BE": "Box Elder High School",
"BEHS": "Box Elder High School",
"Box Elder": "Box Elder High School",
"Box Elder High Scho": "Box Elder High School",
"Box Elder High Scho A": "Box Elder High School",
"Box Elder High School": "Box Elder High School",
"Box Elder High School ": "Box Elder High School",
"Box Elder High School A": "Box Elder High School",
"Box Elder High School 'A'": "Box Elder High School",
"Box Elder High School-AK 'A'": "Box Elder High School",
"Box Elder High School-UT 'A'": "Box Elder High School",
"Box Elder-AK": "Box Elder High School",
"Box Elder-UT": "Box Elder High School",
"A FR Brighton High School": "Brighton High School",
"A SO Brighton High School": "Brighton High School",
"Bengals": "Brighton High School",
"Bengals-UT": "Brighton High School",
"BRI": "Brighton High School",
"Brighton": "Brighton High School",
"Brighton Bengals 'A'": "Brighton High School",
"Brighton High School": "Brighton High School",
"Brighton High School ": "Brighton High School",
"Brighton High School A": "Brighton High School",
"Brighton High School 'A'": "Brighton High School",
"Brighton High School-UT": "Brighton High School",
"Brighton High School-UT A": "Brighton High School",
"Brighton High School-UT 'A'": "Brighton High School",
"Brighton,": "Brighton High School",
"Canyon View": "Canyon View High School",
"Canyon View High": "Canyon View High School",
"Canyon View High A": "Canyon View High School",
"Canyon View High Sc A": "Canyon View High School",
"Canyon View High Sch": "Canyon View High School",
"Canyon View High Scho": "Canyon View High School",
"Canyon View High School": "Canyon View High School",
"Canyon View High School ": "Canyon View High School",
"Canyon View High School A": "Canyon View High School",
"Canyon View High School 'A'": "Canyon View High School",
"Canyonview": "Canyon View High School",
"Canyonview High School": "Canyon View High School",
"Canyonview High School A": "Canyon View High School",
"Canyonview High School 'A'": "Canyon View High School",
"Canyonview High School-VA": "Canyon View High School",
"Canyonview High School-VA A": "Canyon View High School",
"Cvhs": "Canyon View High School",
"CVHS": "Canyon View High School",
"CVHS ": "Canyon View High School",
"D Canyon View High": "Canyon View High School",
"J Canyon View High": "Canyon View High School",
"M Canyon View High": "Canyon View High School",
"S Canyon View High": "Canyon View High School",
"T Canyon View High": "Canyon View High School",
"CARB": "Carbon High School",
"CARB ": "Carbon High School",
"Carbon": "Carbon High School",
"Carbon High School": "Carbon High School",
"Carbon High School A": "Carbon High School",
"Carbon High School 'A'": "Carbon High School",
"Carbon High School-VA": "Carbon High School",
"Carbon High School-VA A": "Carbon High School",
"Carbon High Swimming 'A'": "Carbon High School",
"Dinos": "Carbon High School",
"CCHS": "Cedar City High School",
"CCHS ": "Cedar City High School",
"Cedar": "Cedar City High School",
"Cedar City": "Cedar City High School",
"Cedar City High": "Cedar City High School",
"Cedar City High A": "Cedar City High School",
"Cedar City High Sch A": "Cedar City High School",
"Cedar City High Scho": "Cedar City High School",
"Cedar City High Schoo": "Cedar City High School",
"Cedar City High School": "Cedar City High School",
"Cedar City High School ": "Cedar City High School",
"Cedar City High School A": "Cedar City High School",
"Cedar City High School 'A'": "Cedar City High School",
"Cedar City High School-VA": "Cedar City High School",
"Cedar City High School-VA A": "Cedar City High School",
"CedarCity": "Cedar City High School",
"Redmen": "Cedar City High School",
"Christian Herit": "Christian Heritage High School",
"CLEAR": "Clearfield High School",
"Clearfield": "Clearfield High School",
"Clearfield High School": "Clearfield High School",
"Clearfield High School ": "Clearfield High School",
"Clearfield High School 'A'": "Clearfield High School",
"Clearfield High School-UT 'A'": "Clearfield High School",
"Clear-UT": "Clearfield High School",
"Falcons": "Clearfield High School",
"Falcons-UT": "Clearfield High School",
"Chhs": "Copper Hills High School",
"CHHS": "Copper Hills High School",
"CHHS ": "Copper Hills High School",
"Chhs-UT": "Copper Hills High School",
"Cooper Hills High School": "Copper Hills High School",
"Copper Hills": "Copper Hills High School",
"Copper Hills Grizzlies 'A'": "Copper Hills High School",
"Copper Hills High School": "Copper Hills High School",
"Copper Hills High School ": "Copper Hills High School",
"Copper Hills High School A": "Copper Hills High School",
"Copper Hills High School 'A'": "Copper Hills High School",
"Copper Hills High School-UT": "Copper Hills High School",
"Copper Hills High School-UT A": "Copper Hills High School",
"Copper Hills High School-UT 'A'": "Copper Hills High School",
"CCC": "Corner Canyon High School",
"Corner Canyon": "Corner Canyon High School",
"Corner Canyon High S": "Corner Canyon High School",
"Corner Canyon High S A": "Corner Canyon High School",
"Corner Canyon High School": "Corner Canyon High School",
"Corner Canyon High School ": "Corner Canyon High School",
"COLTS": "Cottonwood High School",
"Colts": "Cottonwood High School",
"Colts-UT": "Cottonwood High School",
"Cottonwood": "Cottonwood High School",
"Cottonwood High School": "Cottonwood High School",
"Cottonwood High School ": "Cottonwood High School",
"Cottonwood High School A": "Cottonwood High School",
"Cottonwood High School 'A'": "Cottonwood High School",
"Cottonwood High School-UT": "Cottonwood High School",
"Cottonwood High School-UT A": "Cottonwood High School",
"Cottonwood High School-UT 'A'": "Cottonwood High School",
"Cottonwood,": "Cottonwood High School",
"Cottonwood-UT": "Cottonwood High School",
"CYP": "Cyprus High School",
"Cyp": "Cyprus High School",
"Cyprus": "Cyprus High School",
"Cyprus High School": "Cyprus High School",
"Cyprus High School ": "Cyprus High School",
"Cyprus High School A": "Cyprus High School",
"Cyprus High School 'A'": "Cyprus High School",
"Cyprus High School-UT 'A'": "Cyprus High School",
"Cyprus,": "Cyprus High School",
"Cyprus-UT": "Cyprus High School",
"Davis": "Davis High School",
"DAVIS": "Davis High School",
"Davis Darts 'A'": "Davis High School",
"Davis High School": "Davis High School",
"Davis High School ": "Davis High School",
"Davis High School A": "Davis High School",
"Davis High School 'A'": "Davis High School",
"Davis High School-UT": "Davis High School",
"Davis High School-UT A": "Davis High School",
"Davis High School-UT 'A'": "Davis High School",
"Delta": "Delta High School",
"DELTA": "Delta High School",
"DELTA ": "Delta High School",
"Delta High School": "Delta High School",
"Delta High School A": "Delta High School",
"Delta High School 'A'": "Delta High School",
"Delta High School-VA": "Delta High School",
"Delta High School-VA A": "Delta High School",
"Rabbits": "Delta High School",
"Desert Hills": "Desert Hills High School",
"Desert Hills High School": "Desert Hills High School",
"Desert Hills High School ": "Desert Hills High School",
"Desert Hills High School A": "Desert Hills High School",
"Desert Hills High School 'A'": "Desert Hills High School",
"Desert Hills High School-VA": "Desert Hills High School",
"Desert Hills High School-VA A": "Desert Hills High School",
"DHHS": "Desert Hills High School",
"Dhs-UT": "Desert Hills High School",
"DIXIE": "Dixie High School",
"Dixie": "Dixie High School",
"DIXIE ": "Dixie High School",
"Dixie Flyers": "Dixie High School",
"Dixie High School": "Dixie High School",
"Dixie High School ": "Dixie High School",
"Dixie High School A": "Dixie High School",
"Dixie High School 'A'": "Dixie High School",
"Dixie High School-AK 'A'": "Dixie High School",
"Dixie High School-U A": "Dixie High School",
"Dixie High School-UT": "Dixie High School",
"Dixie High School-UT 'A'": "Dixie High School",
"Dixie-AK": "Dixie High School",
"Dixie-UT": "Dixie High School",
"EAST": "East High School",
"East": "East High School",
"East High School": "East High School",
"East High School ": "East High School",
"East High School A": "East High School",
"East High School 'A'": "East High School",
"East High School Leopards": "East High School",
"East High School Leopards A": "East High School",
"East High School Leopards 'A'": "East High School",
"East High School Leopards-AK 'A'": "East High School",
"East High School-UT 'A'": "East High School",
"East,": "East High School",
"East-AK": "East High School",
"East-UT": "East High School",
"EHS": "Emery High School",
"Emery": "Emery High School",
"EMERY": "Emery High School",
"Emery High School": "Emery High School",
"Emery High School A": "Emery High School",
"Emery High School 'A'": "Emery High School",
"Emery High School-UT": "Emery High School",
"Emery High School-UT A": "Emery High School",
"Farmington": "Farmington High School",
"Farmington High School": "Farmington High School",
"FHS-UT": "Fremont High School",
"Fremont": "Fremont High School",
"Fremont High School": "Fremont High School",
"Fremont High School ": "Fremont High School",
"Fremont High School A": "Fremont High School",
"Fremont High School 'A'": "Fremont High School",
"Fremont High School-UT": "Fremont High School",
"Fremont High School-UT A": "Fremont High School",
"Fremont High School-UT 'A'": "Fremont High School",
"Fremont Silverwolves 'A'": "Fremont High School",
"FREMT": "Fremont High School",
"Grand County": "Grand County High School",
"Grand County High Schoo": "Grand County High School",
"Grand County High Schoo A": "Grand County High School",
"Grand County High School": "Grand County High School",
"GRND": "Grand County High School",
"GRANG": "Granger High School",
"Granger": "Granger High School",
"Granger High School": "Granger High School",
"Granger High School ": "Granger High School",
"Granite High School": "Granite High School",
"Ghs": "Grantsville High School",
"GHS": "Grantsville High School",
"GHS ": "Grantsville High School",
"Ghs Swimming-VA": "Grantsville High School",
"Ghs Swimming-VA A": "Grantsville High School",
"GRANT": "Grantsville High School",
"Grants": "Grantsville High School",
"Grantsville": "Grantsville High School",
"Grantsville High School": "Grantsville High School",
"Grantsville High School A": "Grantsville High School",
"Grantsville High School 'A'": "Grantsville High School",
"Green Canyon": "Green Canyon High School",
"Green Canyon High School": "Green Canyon High School",
"Green Canyon High School ": "Green Canyon High School",
"Gunnison Valley": "Gunnison Valley High School",
"Gunnison Valley High Scho": "Gunnison Valley High School",
"Gunnison Valley High School": "Gunnison Valley High School",
"Herriman": "Herriman High School",
"Herriman High School": "Herriman High School",
"Herriman High School ": "Herriman High School",
"Herriman High School A": "Herriman High School",
"MS": "Herriman High School",
"HIGH": "Highland High School",
"Highland": "Highland High School",
"Highland High Schoo": "Highland High School",
"Highland High Schoo A": "Highland High School",
"Highland High School": "Highland High School",
"Highland High School ": "Highland High School",
"Highland High School A": "Highland High School",
"Highland High School 'A'": "Highland High School",
"Highland High School-AK 'A'": "Highland High School",
"Highland High School-UT 'A'": "Highland High School",
"Highland-AK": "Highland High School",
"Highland-UT": "Highland High School",
"HILL": "Hillcrest High School",
"Hillcrest": "Hillcrest High School",
"Hillcrest High High School": "Hillcrest High School",
"Hillcrest High High School A": "Hillcrest High School",
"Hillcrest High School": "Hillcrest High School",
"Hillcrest High School ": "Hillcrest High School",
"Hillcrest High School A": "Hillcrest High School",
"Hillcrest High School 'A'": "Hillcrest High School",
"Hillcrest High School-UT 'A'": "Hillcrest High School",
"Hillcrest Huskies 'A'": "Hillcrest High School",
"HILL-UT": "Hillcrest High School",
"Huskies": "Hillcrest High School",
"HHS": "Hunter High School",
"Hunter": "Hunter High School",
"Hunter High School": "Hunter High School",
"Hunter High School ": "Hunter High School",
"Hunter High School A": "Hunter High School",
"Hunter High School 'A'": "Hunter High School",
"Hunter High School-UT": "Hunter High School",
"Hunter High School-UT A": "Hunter High School",
"Hunter High School-UT 'A'": "Hunter High School",
"Hunter Wolverines 'A'": "Hunter High School",
"Hunter,": "Hunter High School",
"Wolverines": "Hunter High School",
"Wolverines-UT": "Hunter High School",
"HUR": "Hurricane High School",
"HURR": "Hurricane High School",
"Hurricane": "Hurricane High School",
"Hurricane High School": "Hurricane High School",
"Hurricane High School ": "Hurricane High School",
"Hurricane High School A": "Hurricane High School",
"Hurricane High School 'A'": "Hurricane High School",
"Hurricane High School-VA": "Hurricane High School",
"Hurricane High School-VA A": "Hurricane High School",
"Ics": "Intermountain Christian School",
"ICS": "Intermountain Christian School",
"Inter Mtn": "Intermountain Christian School",
"Intermountain Christian High": "Intermountain Christian School",
"Intermountain Christian School": "Intermountain Christian School",
"Intermountain Christian School-VA": "Intermountain Christian School",
"Intermountian": "Intermountain Christian School",
"JOR": "Jordan High School",
"Jordan": "Jordan High School",
"Jordan Beetdiggers 'A'": "Jordan High School",
"Jordan High School": "Jordan High School",
"Jordan High School ": "Jordan High School",
"Jordan High School A": "Jordan High School",
"Jordan High School 'A'": "Jordan High School",
"Jordan High School-UT": "Jordan High School",
"FR Juan Diego High School": "Juan Diego Catholic High School",
"Jdchs": "Juan Diego Catholic High School",
"JDCHS": "Juan Diego Catholic High School",
"JDCHS ": "Juan Diego Catholic High School",
"Juan Deigo": "Juan Diego Catholic High School",
"Juan Diego": "Juan Diego Catholic High School",
"Juan Diego Catholic": "Juan Diego Catholic High School",
"Juan Diego Catholic A": "Juan Diego Catholic High School",
"Juan Diego Catholic High Schoo": "Juan Diego Catholic High School",
"Juan Diego Catholic High Schoo A": "Juan Diego Catholic High School",
"Juan Diego Catholic High Schoo 'A'": "Juan Diego Catholic High School",
"Juan Diego Catholic High School": "Juan Diego Catholic High School",
"Juan Diego Catholic High Schoo-UT": "Juan Diego Catholic High School",
"Juan Diego Catholic High Schoo-UT A": "Juan Diego Catholic High School",
"Juan Diego Catholic HS": "Juan Diego Catholic High School",
"Juan Diego Catholic HS 'A'": "Juan Diego Catholic High School",
"Juan Diego High Schoo": "Juan Diego Catholic High School",
"Juan Diego High Schoo A": "Juan Diego Catholic High School",
"Juan Diego High School": "Juan Diego Catholic High School",
"JUDG": "Judge Memorial High School",
"JUDG ": "Judge Memorial High School",
"Judge": "Judge Memorial High School",
"Judge Memorial": "Judge Memorial High School",
"Judge Memorial Catholic High S": "Judge Memorial High School",
"Judge Memorial Catholic High S A": "Judge Memorial High School",
"Judge Memorial Catholic High S-UT": "Judge Memorial High School",
"Judge Memorial Catholic High S-UT A": "Judge Memorial High School",
"Judge Memorial Catholic HS": "Judge Memorial High School",
"Judge Memorial Catholic HS 'A'": "Judge Memorial High School",
"Judge Memorial High": "Judge Memorial High School",
"Judge Memorial High A": "Judge Memorial High School",
"Judge Memorial High S": "Judge Memorial High School",
"Judge Memorial High School": "Judge Memorial High School",
"Judge Memorial High School A": "Judge Memorial High School",
"Judge Memorial High School 'A'": "Judge Memorial High School",
"Kearns": "Kearns High School",
"Kearns Cougars": "Kearns High School",
"Kearns Cougars 'A'": "Kearns High School",
"Kearns Cougars-UT": "Kearns High School",
"Kearns Cougars-UT 'A'": "Kearns High School",
"Kearns High School": "Kearns High School",
"Kearns High School ": "Kearns High School",
"Kearns High School A": "Kearns High School",
"Kearns High School 'A'": "Kearns High School",
"Kearns High School-UT": "Kearns High School",
"Kearns High School-UT A": "Kearns High School",
"Kearns,": "Kearns High School",
"KHS": "Kearns High School",
"LAYTN": "Layton High School",
"LAYTN-UT": "Layton High School",
"Layton": "Layton High School",
"Layton High School": "Layton High School",
"Layton High School ": "Layton High School",
"Layton High School A": "Layton High School",
"Layton High School 'A'": "Layton High School",
"Layton High School-UT": "Layton High School",
"Layton High School-UT 'A'": "Layton High School",
"Layton Lancers 'A'": "Layton High School",
"LEHI": "Lehi High School",
"Lehi": "Lehi High School",
"LEHI ": "Lehi High School",
"Lehi High School": "Lehi High School",
"Lehi High School ": "Lehi High School",
"Lehi High School A": "Lehi High School",
"Lehi High School 'A'": "Lehi High School",
"Lehi High School-AK 'A'": "Lehi High School",
"Lehi High School-UT": "Lehi High School",
"Lehi High School-UT A": "Lehi High School",
"Lehi Pioneers 'A'": "Lehi High School",
"Lehi-AK": "Lehi High School",
"LOGAN": "Logan High School",
"Logan": "Logan High School",
"Logan High School": "Logan High School",
"Logan High School ": "Logan High School",
"Logan High School A": "Logan High School",
"Logan High School 'A'": "Logan High School",
"Logan High School-AK 'A'": "Logan High School",
"Logan-AK": "Logan High School",
"SR Logan High School": "Logan High School",
"Knights-UT": "Lone Peak High School",
"Lone": "Lone Peak High School",
"Lone Peak": "Lone Peak High School",
"Lone Peak High Scho": "Lone Peak High School",
"Lone Peak High Scho A": "Lone Peak High School",
"Lone Peak High School": "Lone Peak High School",
"Lone Peak High School ": "Lone Peak High School",
"Lone Peak High School A": "Lone Peak High School",
"Lone Peak High School 'A'": "Lone Peak High School",
"Lone Peak High School-UT": "Lone Peak High School",
"Lone Peak High School-UT A": "Lone Peak High School",
"Lone Peak High School-UT 'A'": "Lone Peak High School",
"Lone Peak Knights 'A'": "Lone Peak High School",
"Lone Peak-UT": "Lone Peak High School",
"Lphs": "Lone Peak High School",
"LPHS": "Lone Peak High School",
"Maeser Prep": "Maeser Prep High School",
"Maeser Prep High School": "Maeser Prep High School",
"Maeser Prep High Shcool": "Maeser Prep High School",
"Maple Mountain": "Maple Mountain High School",
"Maple Mountain High School": "Maple Mountain High School",
"Maple Mountain High School ": "Maple Mountain High School",
"Maple Mountain High School A": "Maple Mountain High School",
"Maple Mountain-AK": "Maple Mountain High School",
"MMHS": "Maple Mountain High School",
"MILL": "Millard High School",
"Millard": "Millard High School",
"Millard High School": "Millard High School",
"Morgan": "Morgan High School",
"Morgan High High School": "Morgan High School",
"Morgan High School": "Morgan High School",
"MCHS": "Mountain Crest High School",
"Mountain Crest": "Mountain Crest High School",
"Mountain Crest High": "Mountain Crest High School",
"Mountain Crest High A": "Mountain Crest High School",
"Mountain Crest High School": "Mountain Crest High School",
"Mountain Crest High School ": "Mountain Crest High School",
"Mountain Crest High School A": "Mountain Crest High School",
"Mountain Crest High School 'A'": "Mountain Crest High School",
"Mountain Crest High School-AK 'A'": "Mountain Crest High School",
"Mountain Crest High School-UT 'A'": "Mountain Crest High School",
"Mountain Crest-UT": "Mountain Crest High School",
"Mt Crest-AK": "Mountain Crest High School",
"Mt. Crest": "Mountain Crest High School",
"Mountain View": "Mountain View High School",
"Mountain View High": "Mountain View High School",
"Mountain View High A": "Mountain View High School",
"Mountain View High School": "Mountain View High School",
"Mountain View High School ": "Mountain View High School",
"Mountain View High School A": "Mountain View High School",
"Mountain View High School 'A'": "Mountain View High School",
"Mountain View High School-AK 'A'": "Mountain View High School",
"Mountain View High School-UT 'A'": "Mountain View High School",
"Mountain View-UT": "Mountain View High School",
"Mt View-AK": "Mountain View High School",
"Mt. View": "Mountain View High School",
"Mtn View": "Mountain View High School",
"Mvhs": "Mountain View High School",
"MVHS": "Mountain View High School",
"MHS": "Murray High School",
"Murray": "Murray High School",
"Murray High School": "Murray High School",
"Murray High School ": "Murray High School",
"Murray High School A": "Murray High School",
"Murray High School 'A'": "Murray High School",
"Murray High School-UT 'A'": "Murray High School",
"Murray,": "Murray High School",
"Murray-UT": "Murray High School",
"Spartans": "Murray High School",
"North Sanpete": "North Sanpete High School",
"North Sanpete High School": "North Sanpete High School",
"North Sevier High School": "North Sevier High School",
"North Summit": "North Summit High School",
"North Summit 'A'": "North Summit High School",
"North Summit High": "North Summit High School",
"North Summit High Sc": "North Summit High School",
"North Summit High Schoo": "North Summit High School",
"North Summit High School": "North Summit High School",
"North Summit High School A": "North Summit High School",
"North Summit HS": "North Summit High School",
"North Summit HS A": "North Summit High School",
"North Summit-VA": "North Summit High School",
"North Summit-VA A": "North Summit High School",
"NSHS": "North Summit High School",
"NORTH": "Northridge High School",
"Northridge": "Northridge High School",
"Northridge High School": "Northridge High School",
"Northridge High School ": "Northridge High School",
"Northridge High School A": "Northridge High School",
"Northridge High School 'A'": "Northridge High School",
"Northridge High School-UT": "Northridge High School",
"Northridge Knights 'A'": "Northridge High School",
"OAK": "Oakley High School",
"OAKL": "Oakley High School",
"OAKLE": "Oakley High School",
"OAKLE ": "Oakley High School",
"Oakley": "Oakley High School",
"Oakley High School": "Oakley High School",
"Oakley High School A": "Oakley High School",
"Oakley High School 'A'": "Oakley High School",
"Oakley School": "Oakley High School",
"Oakley School A": "Oakley High School",
"Oakley School 'A'": "Oakley High School",
"Ogden": "Ogden High School",
"OGDEN": "Ogden High School",
"OGDEN ": "Ogden High School",
"Ogden High School": "Ogden High School",
"Ogden High School A": "Ogden High School",
"Ogden High School 'A'": "Ogden High School",
"Ogden High School-AK 'A'": "Ogden High School",
"Ogden High School-U A": "Ogden High School",
"Ogden High School-UT": "Ogden High School",
"Ogden High Swimming": "Ogden High School",
"Ogden High Swimming ": "Ogden High School",
"Ogden,": "Ogden High School",
"Ogden-AK": "Ogden High School",
"Tigers": "Ogden High School",
"OLY": "Olympus High School",
"Oly": "Olympus High School",
"Olympus": "Olympus High School",
"Olympus High School": "Olympus High School",
"Olympus High School ": "Olympus High School",
"Olympus High School A": "Olympus High School",
"Olympus High School 'A'": "Olympus High School",
"Olympus High School-AK 'A'": "Olympus High School",
"Olympus High School-UT 'A'": "Olympus High School",
"Olympus,": "Olympus High School",
"Olympus-AK": "Olympus High School",
"Olympus-UT": "Olympus High School",
"Ohs Tigers": "Orem High School",
"Orem": "Orem High School",
"OREM": "Orem High School",
"Orem High School": "Orem High School",
"Orem High School ": "Orem High School",
"Orem High School A": "Orem High School",
"Orem High School 'A'": "Orem High School",
"Orem High School Tigers": "Orem High School",
"Orem High School Tigers A": "Orem High School",
"Orem High School Tigers 'A'": "Orem High School",
"Orem High School Tigers-AK 'A'": "Orem High School",
"Orem High School-UT 'A'": "Orem High School",
"Orem-AK": "Orem High School",
"Orem-UT": "Orem High School",
"Park": "Park City High School",
"PARK": "Park City High School",
"PARK ": "Park City High School",
"Park City": "Park City High School",
"Park City High Scho A": "Park City High School",
"Park City High Schoo": "Park City High School",
"Park City High School": "Park City High School",
"Park City High School ": "Park City High School",
"Park City High School A": "Park City High School",
"Park City High School 'A'": "Park City High School",
"Park City High School-VA": "Park City High School",
"Park City High School-VA A": "Park City High School",
"ParkCity": "Park City High School",
"PCHS": "Park City High School",
"Parowan": "Parowan High School",
"Payson": "Payson High School",
"Payson High School": "Payson High School",
"Payson High School ": "Payson High School",
"Payson High School A": "Payson High School",
"PHS": "Payson High School",
"PHS ": "Payson High School",
"Pine View": "Pine View High School",
"Pine View High School": "Pine View High School",
"Pine View High School 'A'": "Pine View High School",
"Pine View High School-UT 'A'": "Pine View High School",
"Pine View High Schoool": "Pine View High School",
"Pine View-UT": "Pine View High School",
"PINEV": "Pine View High School",
"PINEV ": "Pine View High School",
"Pineview": "Pine View High School",
"PineView": "Pine View High School",
"Pineview High Schoo A": "Pine View High School",
"Pineview High School": "Pine View High School",
"PineView High School": "Pine View High School",
"PineView High School ": "Pine View High School",
"PineView High School-": "Pine View High School",
"Pineview High School-": "Pine View High School",
"PineView High School A": "Pine View High School",
"PineView High School 'A'": "Pine View High School",
"Pineview High School 'A'": "Pine View High School",
"PineView High School-AK 'A'": "Pine View High School",
"PineView-AK": "Pine View High School",
"PVHS": "Pine View High School",
"Pghs": "Pleasant Grove High School",
"PGHS": "Pleasant Grove High School",
"Pleasant Grove": "Pleasant Grove High School",
"Pleasant Grove High": "Pleasant Grove High School",
"Pleasant Grove High A": "Pleasant Grove High School",
"Pleasant Grove High School": "Pleasant Grove High School",
"Pleasant Grove High School ": "Pleasant Grove High School",
"Pleasant Grove High School A": "Pleasant Grove High School",
"Pleasant Grove High School 'A'": "Pleasant Grove High School",
"Pleasant Grove High School-UT": "Pleasant Grove High School",
"Pleasant Grove High School-UT A": "Pleasant Grove High School",
"Pleasant Grove Vikings 'A'": "Pleasant Grove High School",
"PROVO": "Provo High School",
"Provo": "Provo High School",
"Provo High School": "Provo High School",
"Provo High School ": "Provo High School",
"Provo High School A": "Provo High School",
"Provo High School 'A'": "Provo High School",
"Provo High School-AK 'A'": "Provo High School",
"Provo High School-UT 'A'": "Provo High School",
"Provo,": "Provo High School",
"PROVO-AK": "Provo High School",
"Provo-UT": "Provo High School",
"RICH": "Richfield High School",
"RICH ": "Richfield High School",
"Richfield": "Richfield High School",
"Richfield High Scho A": "Richfield High School",
"Richfield High Schoo": "Richfield High School",
"Richfield High School": "Richfield High School",
"Richfield High School A": "Richfield High School",
"Richfield High School 'A'": "Richfield High School",
"Richfield High School Wildcats 'A'": "Richfield High School",
"Richfield High School Wildcats-VA": "Richfield High School",
"Richfield High School Wildcats-VA A": "Richfield High School",
"Wildcats": "Richfield High School",
"Ridgeline": "Ridgeline High School",
"Ridgeline High School": "Ridgeline High School",
"Ridgeline High School ": "Ridgeline High School",
"Riverton": "Riverton High School",
"Riverton High 'A'": "Riverton High School",
"Riverton High School": "Riverton High School",
"Riverton High School ": "Riverton High School",
"Riverton High School A": "Riverton High School",
"Riverton High School 'A'": "Riverton High School",
"Riverton High School-UT": "Riverton High School",
"Riverton High School-UT A": "Riverton High School",
"Riverton Silverwolves 'A'": "Riverton High School",
"RVHS": "Riverton High School",
"RH": "Rowland Hall High School",
"RHSM": "Rowland Hall High School",
"Rhsm": "Rowland Hall High School",
"RHSM ": "Rowland Hall High School",
"Rowland": "Rowland Hall High School",
"Rowland Hall": "Rowland Hall High School",
"Rowland Hall 'A'": "Rowland Hall High School",
"Rowland Hall High S A": "Rowland Hall High School",
"Rowland Hall High Sc": "Rowland Hall High School",
"Rowland Hall High Sch": "Rowland Hall High School",
"Rowland Hall High School": "Rowland Hall High School",
"Rowland Hall High School A": "Rowland Hall High School",
"Rowland Hall High School 'A'": "Rowland Hall High School",
"Rowland Hall HS": "Rowland Hall High School",
"Rowland Hall HS A": "Rowland Hall High School",
"Rowland Hall Saint Marks High 'A'": "Rowland Hall High School",
"Rowland Hall St. Marks": "Rowland Hall High School",
"Rowland Hall St. Marks A": "Rowland Hall High School",
"Rowland Hall St. Marks 'A'": "Rowland Hall High School",
"Rowland Hall St. Marks HS 'A'": "Rowland Hall High School",
"Rowland Hall St. Marks-VA": "Rowland Hall High School",
"Rowland Hall St. Marks-VA A": "Rowland Hall High School",
"Rowland Hall-Saint Mark's 'A'": "Rowland Hall High School",
"RHS": "Roy High School",
"Roy": "Roy High School",
"Roy High School": "Roy High School",
"Roy High School ": "Roy High School",
"Roy High School A": "Roy High School",
"Roy High School 'A'": "Roy High School",
"Roy High School-UT 'A'": "Roy High School",
"Royals": "Roy High School",
"Roy-UT": "Roy High School",
"Saint Joseph High School": "Saint Joseph High School",
"St. Joseph": "Saint Joseph High School",
"Salem Hills": "Salem Hills High School",
"Salem Hills High School": "Salem Hills High School",
"Salem Hills High School ": "Salem Hills High School",
"Salem Hills High School A": "Salem Hills High School",
"SHHS": "Salem Hills High School",
"Salt Lake Lutheran High School": "Salt Lake Lutheran High School",
"Salt Lake Lutheran High School-VA": "Salt Lake Lutheran High School",
"Sky View": "Sky View High School",
"Sky View High Schoo": "Sky View High School",
"Sky View High Schoo A": "Sky View High School",
"Sky View High School": "Sky View High School",
"Sky View High School ": "Sky View High School",
"Sky View High School A": "Sky View High School",
"Sky View High School 'A'": "Sky View High School",
"Sky View High School-UT 'A'": "Sky View High School",
"Sky View-AK": "Sky View High School",
"Sky View-AK 'A'": "Sky View High School",
"Sky View-UT": "Sky View High School",
"SV": "Sky View High School",
"SVHS": "Sky View High School",
"R JR Skyline High School": "Skyline High School",
"R SO Skyline High School": "Skyline High School",
"R SR Skyline High School": "Skyline High School",
"SKY": "Skyline High School",
"Skyline": "Skyline High School",
"Skyline Eagles 'A'": "Skyline High School",
"Skyline High School": "Skyline High School",
"Skyline High School A": "Skyline High School",
"Skyline High School 'A'": "Skyline High School",
"Skyline High School-UT 'A'": "Skyline High School",
"Skyline Swim Team": "Skyline High School",
"Skyline,": "Skyline High School",
"SKY-UT": "Skyline High School",
"Skyridge": "Skyridge High School",
"Skyridge High School": "Skyridge High School",
"Skyridge High School ": "Skyridge High School",
"SC": "Snow Canyon High School",
"SCHS": "Snow Canyon High School",
"Snow": "Snow Canyon High School",
"SNOW": "Snow Canyon High School",
"SNOW ": "Snow Canyon High School",
"Snow Canyon": "Snow Canyon High School",
"Snow Canyon High Sc A": "Snow Canyon High School",
"Snow Canyon High Sch": "Snow Canyon High School",
"Snow Canyon High Scho": "Snow Canyon High School",
"Snow Canyon High School": "Snow Canyon High School",
"Snow Canyon High School ": "Snow Canyon High School",
"Snow Canyon High School A": "Snow Canyon High School",
"Snow Canyon High School 'A'": "Snow Canyon High School",
"Snow Canyon High School-AK 'A'": "Snow Canyon High School",
"Snow Canyon High School-UT 'A'": "Snow Canyon High School",
"Snow Canyon-AK": "Snow Canyon High School",
"Snow Canyon-UT": "Snow Canyon High School",
"South": "South High School",
"South High School": "South High School",
"South Sevier": "South Sevier High School",
"South Sevier High School": "South Sevier High School",
"South Summit": "South Summit High School",
"South Summit High S A": "South Summit High School",
"South Summit High Sc": "South Summit High School",
"South Summit High School": "South Summit High School",
"South Summit High School 'A'": "South Summit High School",
"South Summit High School Swim": "South Summit High School",
"South Summit High School Swim A": "South Summit High School",
"SSHS": "South Summit High School",
"SSHS ": "South Summit High School",
"SSVR": "South Summit High School",
"Sfhs": "Spanish Fork High School",
"SFHS": "Spanish Fork High School",
"Spanish Fork": "Spanish Fork High School",
"Spanish Fork Dons 'A'": "Spanish Fork High School",
"Spanish Fork High": "Spanish Fork High School",
"Spanish Fork High A": "Spanish Fork High School",
"Spanish Fork High 'A'": "Spanish Fork High School",
"Spanish Fork High S": "Spanish Fork High School",
"Spanish Fork High S A": "Spanish Fork High School",
"Spanish Fork High School": "Spanish Fork High School",
"Spanish Fork High School ": "Spanish Fork High School",
"Spanish Fork High School A": "Spanish Fork High School",
"Spanish Fork High School 'A'": "Spanish Fork High School",
"Spanish Fork High School-AK 'A'": "Spanish Fork High School",
"Spanish Fork-AK": "Spanish Fork High School",
"SpanishFork": "Spanish Fork High School",
"Red Devlis": "Springville High School",
"Springville": "Springville High School",
"Springville High Sc": "Springville High School",
"Springville High Sc A": "Springville High School",
"Springville High School": "Springville High School",
"Springville High School ": "Springville High School",
"Springville High School A": "Springville High School",
"Springville High School 'A'": "Springville High School",
"Springville High School-AK 'A'": "Springville High School",
"Springville High School-UT 'A'": "Springville High School",
"Springville,": "Springville High School",
"Springville-AK": "Springville High School",
"Springville-UT": "Springville High School",
"SPRV": "Springville High School",
"SHS": "Stansbury High School",
"Stanbury High School": "Stansbury High School",
"Stanbury High School A": "Stansbury High School",
"Stansbury": "Stansbury High School",
"Stansbury High School": "Stansbury High School",
"Stansbury High School ": "Stansbury High School",
"Stansbury High School A": "Stansbury High School",
"Stansbury-AK": "Stansbury High School",
"SAHS": "Summit Academy High School",
"Summit Academy": "Summit Academy High School",
"Summit Academy High School": "Summit Academy High School",
"Summit Academy High School A": "Summit Academy High School",
"SYR": "Syracuse High School",
"Syr": "Syracuse High School",
"Syracuse": "Syracuse High School",
"Syracuse High School": "Syracuse High School",
"Syracuse High School ": "Syracuse High School",
"Syracuse High School 'A'": "Syracuse High School",
"Syracuse High School Swimiming": "Syracuse High School",
"Syracuse High School-UT": "Syracuse High School",
"Syracuse High School-UT A": "Syracuse High School",
"Syracuse Titans 'A'": "Syracuse High School",
"TAYL": "Taylorsville High School",
"Tayl": "Taylorsville High School",
"Taylorsville": "Taylorsville High School",
"Taylorsville High School": "Taylorsville High School",
"Taylorsville High School ": "Taylorsville High School",
"Taylorsville High School A": "Taylorsville High School",
"Taylorsville High School 'A'": "Taylorsville High School",
"Taylorsville High School-UT": "Taylorsville High School",
"Taylorsville High School-UT A": "Taylorsville High School",
"Taylorsville,": "Taylorsville High School",
"Ths": "Taylorsville High School",
"T-Ville": "Taylorsville High School",
"TA": "Telos Academy High School",
"Telos Academy": "Telos Academy High School",
"Telos Academy High School": "Telos Academy High School",
"Timpanogos": "Timpanogos High School",
"Timpanogos High Schol": "Timpanogos High School",
"Timpanogos High Schol A": "Timpanogos High School",
"Timpanogos High School": "Timpanogos High School",
"Timp": "Timpview High School",
"TIMP": "Timpview High School",
"Timpview": "Timpview High School",
"Timpview High Schoo": "Timpview High School",
"Timpview High Schoo A": "Timpview High School",
"Timpview High School": "Timpview High School",
"Timpview High School ": "Timpview High School",
"Timpview High School A": "Timpview High School",
"Timpview High School 'A'": "Timpview High School",
"Timpview High School-AK 'A'": "Timpview High School",
"Timpview High School-UT 'A'": "Timpview High School",
"Timpview,": "Timpview High School",
"Timpview-AK": "Timpview High School",
"Timpview-UT": "Timpview High School",
"THS": "Tooele High School",
"THS ": "Tooele High School",
"TOOEL": "Tooele High School",
"Tooele": "Tooele High School",
"Tooele High School": "Tooele High School",
"Tooele High School ": "Tooele High School",
"Tooele High School A": "Tooele High School",
"Tooele High School 'A'": "Tooele High School",
"Tooele High School- A": "Tooele High School",
"Tooele High School-AK 'A'": "Tooele High School",
"Tooele High School-U": "Tooele High School",
"Tooele High School-UT": "Tooele High School",
"Tooele High School-UT 'A'": "Tooele High School",
"Tooele-AK": "Tooele High School",
"Tooele-UT": "Tooele High School",
"UHS": "Uintah High School",
"UHS ": "Uintah High School",
"Uintah": "Uintah High School",
"Uintah High School": "Uintah High School",
"Uintah High School ": "Uintah High School",
"Uintah High School A": "Uintah High School",
"Uintah High School 'A'": "Uintah High School",
"Uintah High School Swim Team": "Uintah High School",
"Uintah High School Swim Team A": "Uintah High School",
"Uintah Utes-UT": "Uintah High School",
"Uintah Utes-UT A": "Uintah High School",
"Uintah-AK": "Uintah High School",
"Utes": "Uintah High School",
"Union": "Union High School",
"Union High School": "Union High School",
"VHS": "Viewmont High School",
"Vhs": "Viewmont High School",
"VHS05": "Viewmont High School",
"VHS06": "Viewmont High School",
"Viewmont": "Viewmont High School",
"Viewmont High School": "Viewmont High School",
"Viewmont High School ": "Viewmont High School",
"Viewmont High School A": "Viewmont High School",
"Viewmont High School 'A'": "Viewmont High School",
"Viewmont High School,": "Viewmont High School",
"Viewmont High School, ": "Viewmont High School",
"Viewmont High School-UT 'A'": "Viewmont High School",
"Viewmont HighSchool-UT": "Viewmont High School",
"Viewmont HighSchool-UT A": "Viewmont High School",
"Viewmont Vikings 'A'": "Viewmont High School",
"Vikings": "Viewmont High School",
"Vikings-UT": "Viewmont High School",
"WA": "Wasatch Academy High School",
"Wasatch Academy": "Wasatch Academy High School",
"Wasatch Academy High Sch": "Wasatch Academy High School",
"Wasatch Academy High School": "Wasatch Academy High School",
"Wasatch Academy Swim Team": "Wasatch Academy High School",
"WASA": "Wasatch High School",
"WASA ": "Wasatch High School",
"Wasatch": "Wasatch High School",
"Wasatch High School": "Wasatch High School",
"Wasatch High School-": "Wasatch High School",
"Wasatch High School ": "Wasatch High School",
"Wasatch High School A": "Wasatch High School",
"Wasatch High School 'A'": "Wasatch High School",
"Wasatch High School-U": "Wasatch High School",
"Wasatch High School-VA": "Wasatch High School",
"Wasatch High School-VA A": "Wasatch High School",
"Waterford": "Waterford High School",
"Waterford High Schoo": "Waterford High School",
"Waterford High School": "Waterford High School",
"Waterford High School A": "Waterford High School",
"Waterford High School-VA": "Waterford High School",
"WTFD": "Waterford High School",
"WTRFD": "Waterford High School",
"WTRFD ": "Waterford High School",
"Weber": "Weber High School",
"WEBER": "Weber High School",
"Weber High School": "Weber High School",
"Weber High School ": "Weber High School",
"Weber High School A": "Weber High School",
"Weber High School 'A'": "Weber High School",
"Weber High School-UT": "Weber High School",
"Weber High School-UT A": "Weber High School",
"Weber Warriors 'A'": "Weber High School",
"WEST": "West High School",
"West": "West High School",
"West High School": "West High School",
"West High School ": "West High School",
"West High School A": "West High School",
"West High School 'A'": "West High School",
"West High School-UT": "West High School",
"West High School-UT A": "West High School",
"West High School-UT 'A'": "West High School",
"West-UT": "West High School",
"West Jordan": "West Jordan High School",
"West Jordan High School": "West Jordan High School",
"West Jordan High School A": "West Jordan High School",
"West Jordan High School 'A'": "West Jordan High School",
"West Jordan High School-UT": "West Jordan High School",
"West Jordan High School-UT A": "West Jordan High School",
"West Jordan Jaguars 'A'": "West Jordan High School",
"West Jordan-UT 'A'": "West Jordan High School",
"WJ": "West Jordan High School",
"WJHS": "West Jordan High School",
"WJ-UT": "West Jordan High School",
"West Lake-AK": "Westlake High School",
"Westlake": "Westlake High School",
"Westlake High School": "Westlake High School",
"Westlake High School ": "Westlake High School",
"Westlake High School A": "Westlake High School",
"WL": "Westlake High School",
"R SR Woods Cross High School": "Woods Cross High School",
"Wood Cross": "Woods Cross High School",
"Woods Cross": "Woods Cross High School",
"Woods Cross High Sc": "Woods Cross High School",
"Woods Cross High School": "Woods Cross High School",
"Woods Cross High School ": "Woods Cross High School",
"Woods Cross High School A": "Woods Cross High School",
"Woods Cross High School 'A'": "Woods Cross High School",
"Woods Cross High School-UT 'A'": "Woods Cross High School",
"Woods Cross High Swim Team 'A'": "Woods Cross High School",
"Woods Cross High Swim Team-AK 'A'": "Woods Cross High School",
"Woods Cross-AK": "Woods Cross High School",
"Woods Cross-UT": "Woods Cross High School",
"Wxhs": "Woods Cross High School",
"WXHS": "Woods Cross High School",}